{"cameraMode":{"drawMode":0,"name":"Shaded","section":"Shading Mode"},"sceneLighting":false,"audioPlay":false,"sceneViewState":{"showFog":true,"showMaterialUpdate":false,"showSkybox":false,"showFlares":true,"showImageEffects":true,"showParticleSystems":true},"in2DMode":false,"pivot":{"x":-41.42138671875,"y":1.584143877029419,"z":-66.88117980957031},"rotation":{"x":-0.15566079318523408,"y":0.34334230422973635,"z":-0.057823892682790759,"w":-0.9245245456695557},"size":3.04461932182312,"orthographic":false}