{"cameraMode":{"drawMode":0,"name":"Shaded","section":"Shading Mode"},"sceneLighting":true,"audioPlay":false,"sceneViewState":{"showFog":true,"showMaterialUpdate":false,"showSkybox":true,"showFlares":true,"showImageEffects":true,"showParticleSystems":true},"in2DMode":false,"pivot":{"x":3.3837366104125978,"y":1.3987919092178345,"z":26.506837844848634},"rotation":{"x":-0.21730174124240876,"y":0.16511237621307374,"z":-0.03732307627797127,"w":-0.9613168835639954},"size":10.0,"orthographic":false}