{"cameraMode":{"drawMode":0,"name":"Shaded","section":"Shading Mode"},"sceneLighting":true,"audioPlay":false,"sceneViewState":{"showFog":true,"showMaterialUpdate":false,"showSkybox":true,"showFlares":true,"showImageEffects":true,"showParticleSystems":true},"in2DMode":false,"pivot":{"x":-51.49698257446289,"y":2.5408852100372316,"z":37.212955474853519},"rotation":{"x":0.13977183401584626,"y":-0.8307830095291138,"z":0.2409745454788208,"w":0.48188239336013796},"size":10.0,"orthographic":false}