{"cameraMode":{"drawMode":0,"name":"Shaded","section":"Shading Mode"},"sceneLighting":false,"audioPlay":false,"sceneViewState":{"showFog":true,"showMaterialUpdate":false,"showSkybox":false,"showFlares":true,"showImageEffects":true,"showParticleSystems":true},"in2DMode":false,"pivot":{"x":117.25,"y":1.340000033378601,"z":-226.14100646972657},"rotation":{"x":-0.2545808255672455,"y":-0.2074088156223297,"z":0.05609321594238281,"w":-0.9429774284362793},"size":1.036707878112793,"orthographic":false}