{"cameraMode":{"drawMode":0,"name":"Shaded","section":"Shading Mode"},"sceneLighting":true,"audioPlay":false,"sceneViewState":{"showFog":true,"showMaterialUpdate":false,"showSkybox":true,"showFlares":true,"showImageEffects":true,"showParticleSystems":true},"in2DMode":false,"pivot":{"x":192.47996520996095,"y":-1100.75537109375,"z":918.4837646484375},"rotation":{"x":-0.3741351068019867,"y":-0.034127410501241687,"z":0.013851572759449482,"w":-0.9267240166664124},"size":813.1690673828125,"orthographic":false}