{"cameraMode":{"drawMode":0,"name":"Shaded","section":"Shading Mode"},"sceneLighting":false,"audioPlay":false,"sceneViewState":{"showFog":true,"showMaterialUpdate":false,"showSkybox":false,"showFlares":true,"showImageEffects":true,"showParticleSystems":true},"in2DMode":false,"pivot":{"x":113.17249298095703,"y":1.9666589498519898,"z":-224.05673217773438},"rotation":{"x":-0.22859537601470948,"y":-0.6442791223526001,"z":0.21085377037525178,"w":-0.6988160014152527},"size":1.0674753189086915,"orthographic":false}