{"cameraMode":{"drawMode":0,"name":"Shaded","section":"Shading Mode"},"sceneLighting":true,"audioPlay":false,"sceneViewState":{"showFog":true,"showMaterialUpdate":false,"showSkybox":true,"showFlares":true,"showImageEffects":true,"showParticleSystems":true},"in2DMode":false,"pivot":{"x":-5.328988075256348,"y":-1.431743860244751,"z":-18.16067886352539},"rotation":{"x":-0.14368806779384614,"y":0.04065899923443794,"z":-0.005908250343054533,"w":-0.9887702465057373},"size":10.0,"orthographic":false}