{"cameraMode":{"drawMode":0,"name":"Shaded","section":"Shading Mode"},"sceneLighting":true,"audioPlay":false,"sceneViewState":{"showFog":true,"showMaterialUpdate":false,"showSkybox":false,"showFlares":true,"showImageEffects":true,"showParticleSystems":true},"in2DMode":false,"pivot":{"x":60.98911666870117,"y":-15.988064765930176,"z":-23.17038917541504},"rotation":{"x":-0.027228480204939843,"y":-0.9671251177787781,"z":0.22621415555477143,"w":-0.1148199811577797},"size":37.5389518737793,"orthographic":false}