{"cameraMode":{"drawMode":0,"name":"Shaded","section":"Shading Mode"},"sceneLighting":true,"audioPlay":false,"sceneViewState":{"showFog":true,"showMaterialUpdate":false,"showSkybox":false,"showFlares":true,"showImageEffects":true,"showParticleSystems":true},"in2DMode":false,"pivot":{"x":36.100502014160159,"y":3.2299997806549074,"z":82.8699951171875},"rotation":{"x":-0.08244273066520691,"y":-0.9176554083824158,"z":0.2901269495487213,"w":-0.2595522701740265},"size":35.945167541503909,"orthographic":false}