{"cameraMode":{"drawMode":0,"name":"Shaded","section":"Shading Mode"},"sceneLighting":true,"audioPlay":false,"sceneViewState":{"showFog":true,"showMaterialUpdate":false,"showSkybox":false,"showFlares":true,"showImageEffects":true,"showParticleSystems":true},"in2DMode":false,"pivot":{"x":-34.05589294433594,"y":-1.810781478881836,"z":41.403377532958987},"rotation":{"x":0.13173839449882508,"y":-0.6952307224273682,"z":0.13237136602401734,"w":0.6944117546081543},"size":38.59169387817383,"orthographic":false}