{"cameraMode":{"drawMode":0,"name":"Shaded","section":"Shading Mode"},"sceneLighting":true,"audioPlay":false,"sceneViewState":{"showFog":true,"showMaterialUpdate":false,"showSkybox":false,"showFlares":true,"showImageEffects":true,"showParticleSystems":true},"in2DMode":false,"pivot":{"x":-23.92500114440918,"y":2.5799999237060549,"z":81.9073486328125},"rotation":{"x":0.016013287007808687,"y":-0.964322030544281,"z":0.2579113245010376,"w":0.06115691736340523},"size":37.48330307006836,"orthographic":false}