{"cameraMode":{"drawMode":0,"name":"Shaded","section":"Shading Mode"},"sceneLighting":true,"audioPlay":false,"sceneViewState":{"showFog":true,"showMaterialUpdate":false,"showSkybox":true,"showFlares":true,"showImageEffects":true,"showParticleSystems":true},"in2DMode":false,"pivot":{"x":-30.528623580932618,"y":-7.923874378204346,"z":-99.99500274658203},"rotation":{"x":0.023655882105231286,"y":0.9703654050827026,"z":-0.10397876054048538,"w":0.21781885623931886},"size":1.7951422929763795,"orthographic":false}