{"cameraMode":{"drawMode":0,"name":"Shaded","section":"Shading Mode"},"sceneLighting":true,"audioPlay":false,"sceneViewState":{"showFog":true,"showMaterialUpdate":false,"showSkybox":true,"showFlares":true,"showImageEffects":true,"showParticleSystems":true},"in2DMode":false,"pivot":{"x":2.2299818992614748,"y":13.28438663482666,"z":4.996657848358154},"rotation":{"x":0.2754446864128113,"y":-0.10613825172185898,"z":0.03061940148472786,"w":0.9549780488014221},"size":5.317121505737305,"orthographic":false}