{"cameraMode":{"drawMode":0,"name":"Shaded","section":"Shading Mode"},"sceneLighting":true,"audioPlay":false,"sceneViewState":{"showFog":true,"showMaterialUpdate":false,"showSkybox":true,"showFlares":true,"showImageEffects":true,"showParticleSystems":true},"in2DMode":false,"pivot":{"x":129.1930389404297,"y":-8.709409713745118,"z":-127.97300720214844},"rotation":{"x":-0.3164600431919098,"y":-0.188406303524971,"z":0.06427605450153351,"w":-0.9275006055831909},"size":17.721960067749025,"orthographic":false}