{"cameraMode":{"drawMode":0,"name":"Shaded","section":"Shading Mode"},"sceneLighting":false,"audioPlay":false,"sceneViewState":{"showFog":true,"showMaterialUpdate":false,"showSkybox":false,"showFlares":true,"showImageEffects":true,"showParticleSystems":true},"in2DMode":false,"pivot":{"x":114.72217559814453,"y":3.036958932876587,"z":-231.53884887695313},"rotation":{"x":-0.014530357904732228,"y":-0.3149154782295227,"z":0.004821704234927893,"w":-0.9490053653717041},"size":1.932381272315979,"orthographic":false}