{"cameraMode":{"drawMode":0,"name":"Shaded","section":"Shading Mode"},"sceneLighting":false,"audioPlay":false,"sceneViewState":{"showFog":true,"showMaterialUpdate":false,"showSkybox":false,"showFlares":true,"showImageEffects":true,"showParticleSystems":true},"in2DMode":false,"pivot":{"x":117.44725799560547,"y":1.094061017036438,"z":-228.61476135253907},"rotation":{"x":-0.13602259755134583,"y":-0.6609198451042175,"z":0.12355387955904007,"w":-0.7276137471199036},"size":1.6888960599899293,"orthographic":false}