{"cameraMode":{"drawMode":0,"name":"Shaded","section":"Shading Mode"},"sceneLighting":false,"audioPlay":false,"sceneViewState":{"showFog":true,"showMaterialUpdate":false,"showSkybox":false,"showFlares":true,"showImageEffects":true,"showParticleSystems":true},"in2DMode":false,"pivot":{"x":3.1975507736206056,"y":1.2130000591278077,"z":-38.34544372558594},"rotation":{"x":0.019798558205366136,"y":-0.031493596732616428,"z":0.0006229275022633374,"w":0.9993122816085815},"size":0.4466661214828491,"orthographic":false}