{"cameraMode":{"drawMode":0,"name":"Shaded","section":"Shading Mode"},"sceneLighting":false,"audioPlay":false,"sceneViewState":{"showFog":true,"showMaterialUpdate":false,"showSkybox":false,"showFlares":true,"showImageEffects":true,"showParticleSystems":true},"in2DMode":false,"pivot":{"x":118.3862075805664,"y":4.049696445465088,"z":-232.33529663085938},"rotation":{"x":0.0682927742600441,"y":-0.6894344687461853,"z":0.06556016951799393,"w":0.7181432247161865},"size":1.6563221216201783,"orthographic":false}