{"cameraMode":{"drawMode":0,"name":"Shaded","section":"Shading Mode"},"sceneLighting":false,"audioPlay":false,"sceneViewState":{"showFog":true,"showMaterialUpdate":false,"showSkybox":false,"showFlares":true,"showImageEffects":true,"showParticleSystems":true},"in2DMode":false,"pivot":{"x":-15.329998016357422,"y":0.8699991703033447,"z":-3.720000743865967},"rotation":{"x":0.019798558205366136,"y":-0.031493596732616428,"z":0.0006229275022633374,"w":0.9993122816085815},"size":2.9367620944976808,"orthographic":false}