{"cameraMode":{"drawMode":0,"name":"Shaded","section":"Shading Mode"},"sceneLighting":false,"audioPlay":false,"sceneViewState":{"showFog":true,"showMaterialUpdate":false,"showSkybox":false,"showFlares":true,"showImageEffects":true,"showParticleSystems":true},"in2DMode":false,"pivot":{"x":-39.32999801635742,"y":1.596267819404602,"z":-66.88117980957031},"rotation":{"x":0.019798558205366136,"y":-0.031493596732616428,"z":0.0006229275022633374,"w":0.9993122816085815},"size":1.5620386600494385,"orthographic":false}