{"cameraMode":{"drawMode":0,"name":"Shaded","section":"Shading Mode"},"sceneLighting":true,"audioPlay":false,"sceneViewState":{"showFog":true,"showMaterialUpdate":false,"showSkybox":true,"showFlares":true,"showImageEffects":true,"showParticleSystems":true},"in2DMode":false,"pivot":{"x":0.31665152311325076,"y":7.674664497375488,"z":-13.800829887390137},"rotation":{"x":0.2371591329574585,"y":-0.20054496824741364,"z":0.050143636763095859,"w":0.9493614435195923},"size":4.524744987487793,"orthographic":false}