{"cameraMode":{"drawMode":0,"name":"Shaded","section":"Shading Mode"},"sceneLighting":true,"audioPlay":false,"sceneViewState":{"showFog":true,"showMaterialUpdate":false,"showSkybox":true,"showFlares":true,"showImageEffects":true,"showParticleSystems":true},"in2DMode":false,"pivot":{"x":11.303754806518555,"y":9.44745922088623,"z":37.85957336425781},"rotation":{"x":0.03667646646499634,"y":-0.946462094783783,"z":0.2993367612361908,"w":0.11616159975528717},"size":11.860264778137207,"orthographic":false}