{"cameraMode":{"drawMode":0,"name":"Shaded","section":"Shading Mode"},"sceneLighting":true,"audioPlay":false,"sceneViewState":{"showFog":true,"showMaterialUpdate":false,"showSkybox":true,"showFlares":true,"showImageEffects":true,"showParticleSystems":true},"in2DMode":false,"pivot":{"x":174.97865295410157,"y":-55.71769714355469,"z":-61.994598388671878},"rotation":{"x":-0.2773291766643524,"y":-0.287702351808548,"z":0.08532587438821793,"w":-0.9129652976989746},"size":97.9477310180664,"orthographic":false}