{"cameraMode":{"drawMode":0,"name":"Shaded","section":"Shading Mode"},"sceneLighting":true,"audioPlay":false,"sceneViewState":{"showFog":true,"showMaterialUpdate":false,"showSkybox":true,"showFlares":true,"showImageEffects":true,"showParticleSystems":true},"in2DMode":false,"pivot":{"x":-34.39920425415039,"y":20.997461318969728,"z":-38.97652816772461},"rotation":{"x":0.011991571635007859,"y":-0.9113954305648804,"z":0.41062700748443606,"w":0.02651650831103325},"size":0.9506372809410095,"orthographic":false}