{"cameraMode":{"drawMode":0,"name":"Shaded","section":"Shading Mode"},"sceneLighting":true,"audioPlay":false,"sceneViewState":{"showFog":true,"showMaterialUpdate":false,"showSkybox":true,"showFlares":true,"showImageEffects":true,"showParticleSystems":true},"in2DMode":false,"pivot":{"x":4.214328765869141,"y":1.965989112854004,"z":26.83694839477539},"rotation":{"x":-0.021662717685103418,"y":0.9105972051620483,"z":-0.04813630133867264,"w":-0.4099442958831787},"size":2.7491676807403566,"orthographic":false}