{"cameraMode":{"drawMode":0,"name":"Shaded","section":"Shading Mode"},"sceneLighting":true,"audioPlay":false,"sceneViewState":{"showFog":true,"showMaterialUpdate":false,"showSkybox":true,"showFlares":true,"showImageEffects":true,"showParticleSystems":true},"in2DMode":false,"pivot":{"x":3.9301891326904299,"y":-2.0617973804473879,"z":-26.460180282592775},"rotation":{"x":-0.19844254851341248,"y":0.01969625987112522,"z":-0.003989019896835089,"w":-0.9799084067344666},"size":11.38855266571045,"orthographic":false}