{"cameraMode":{"drawMode":0,"name":"Shaded","section":"Shading Mode"},"sceneLighting":true,"audioPlay":false,"sceneViewState":{"showFog":true,"showMaterialUpdate":false,"showSkybox":true,"showFlares":true,"showImageEffects":true,"showParticleSystems":true},"in2DMode":false,"pivot":{"x":129.13919067382813,"y":9.747438430786133,"z":-100.06664276123047},"rotation":{"x":-0.010591416619718075,"y":-0.9314677715301514,"z":0.025180833414196969,"w":-0.3632677495479584},"size":5.7046403884887699,"orthographic":false}