{"cameraMode":{"drawMode":0,"name":"Shaded","section":"Shading Mode"},"sceneLighting":true,"audioPlay":false,"sceneViewState":{"showFog":true,"showMaterialUpdate":false,"showSkybox":true,"showFlares":true,"showImageEffects":true,"showParticleSystems":true},"in2DMode":false,"pivot":{"x":25.424028396606447,"y":14.606287956237793,"z":-104.66321563720703},"rotation":{"x":-0.12897776067256928,"y":-0.6779083013534546,"z":0.12248194217681885,"w":-0.7133772373199463},"size":7.772664546966553,"orthographic":false}