{"cameraMode":{"drawMode":0,"name":"Shaded","section":"Shading Mode"},"sceneLighting":false,"audioPlay":false,"sceneViewState":{"showFog":true,"showMaterialUpdate":false,"showSkybox":false,"showFlares":true,"showImageEffects":true,"showParticleSystems":true},"in2DMode":false,"pivot":{"x":141.19993591308595,"y":-9.344415664672852,"z":-95.95065307617188},"rotation":{"x":-0.20328454673290254,"y":-0.15530622005462647,"z":0.032378189265728,"w":-0.9662742614746094},"size":22.671567916870118,"orthographic":false}