{"cameraMode":{"drawMode":0,"name":"Shaded","section":"Shading Mode"},"sceneLighting":true,"audioPlay":false,"sceneViewState":{"showFog":true,"showMaterialUpdate":false,"showSkybox":true,"showFlares":true,"showImageEffects":true,"showParticleSystems":true},"in2DMode":false,"pivot":{"x":-11.384056091308594,"y":29.121932983398439,"z":-81.02510070800781},"rotation":{"x":-0.2866664230823517,"y":-0.0597493015229702,"z":0.017862288281321527,"w":-0.9560524225234985},"size":7.772664546966553,"orthographic":false}