{"cameraMode":{"drawMode":0,"name":"Shaded","section":"Shading Mode"},"sceneLighting":false,"audioPlay":false,"sceneViewState":{"showFog":true,"showMaterialUpdate":false,"showSkybox":false,"showFlares":true,"showImageEffects":true,"showParticleSystems":true},"in2DMode":false,"pivot":{"x":-0.04973459243774414,"y":0.14974689483642579,"z":0.0},"rotation":{"x":0.04285350441932678,"y":0.957264244556427,"z":-0.18779829144477845,"w":0.2164311408996582},"size":1.0811470746994019,"orthographic":false}