{"cameraMode":{"drawMode":0,"name":"Shaded","section":"Shading Mode"},"sceneLighting":true,"audioPlay":false,"sceneViewState":{"showFog":true,"showMaterialUpdate":false,"showSkybox":true,"showFlares":true,"showImageEffects":true,"showParticleSystems":true},"in2DMode":false,"pivot":{"x":14.7491455078125,"y":-1.0513654947280884,"z":-5.198641300201416},"rotation":{"x":0.03017403371632099,"y":0.7635130286216736,"z":-0.03576594591140747,"w":0.6441465020179749},"size":15.341962814331055,"orthographic":false}