{"cameraMode":{"drawMode":0,"name":"Shaded","section":"Shading Mode"},"sceneLighting":true,"audioPlay":false,"sceneViewState":{"showFog":true,"showMaterialUpdate":false,"showSkybox":true,"showFlares":true,"showImageEffects":true,"showParticleSystems":true},"in2DMode":false,"pivot":{"x":-30.009368896484376,"y":-3.184619188308716,"z":-42.96206283569336},"rotation":{"x":0.05313372611999512,"y":-0.2683374285697937,"z":-0.014826065860688687,"w":-0.9617629051208496},"size":14.681303977966309,"orthographic":false}