{"cameraMode":{"drawMode":0,"name":"Shaded","section":"Shading Mode"},"sceneLighting":true,"audioPlay":false,"sceneViewState":{"showFog":true,"showMaterialUpdate":false,"showSkybox":true,"showFlares":true,"showImageEffects":true,"showParticleSystems":true},"in2DMode":false,"pivot":{"x":1.5500105619430543,"y":0.6270322203636169,"z":0.6013579964637756},"rotation":{"x":0.006717008538544178,"y":0.9752182364463806,"z":-0.029553106054663659,"w":0.21954171359539033},"size":0.5928989052772522,"orthographic":false}