{"cameraMode":{"drawMode":0,"name":"Shaded","section":"Shading Mode"},"sceneLighting":true,"audioPlay":false,"sceneViewState":{"showFog":true,"showMaterialUpdate":false,"showSkybox":true,"showFlares":true,"showImageEffects":true,"showParticleSystems":true},"in2DMode":false,"pivot":{"x":-102.31253814697266,"y":258.64794921875,"z":-73.88899993896485},"rotation":{"x":-0.06509928405284882,"y":0.8560055494308472,"z":-0.11131084710359574,"w":-0.5006276965141296},"size":143.13719177246095,"orthographic":false}