{"cameraMode":{"drawMode":0,"name":"Shaded","section":"Shading Mode"},"sceneLighting":false,"audioPlay":false,"sceneViewState":{"showFog":true,"showMaterialUpdate":false,"showSkybox":false,"showFlares":true,"showImageEffects":true,"showParticleSystems":true},"in2DMode":false,"pivot":{"x":0.0,"y":0.8738478422164917,"z":19.481552124023439},"rotation":{"x":-0.027561204507946969,"y":-0.9672309756278992,"z":0.11987589299678803,"w":-0.22228331863880158},"size":1.0326149463653565,"orthographic":false}