{"cameraMode":{"drawMode":0,"name":"Shaded","section":"Shading Mode"},"sceneLighting":false,"audioPlay":false,"sceneViewState":{"showFog":true,"showMaterialUpdate":false,"showSkybox":false,"showFlares":true,"showImageEffects":true,"showParticleSystems":true},"in2DMode":false,"pivot":{"x":-1.0860520601272584,"y":8.024431228637696,"z":0.05391786992549896},"rotation":{"x":-0.034289415925741199,"y":-0.9505456686019898,"z":0.11346730589866638,"w":-0.2871701419353485},"size":0.7071067690849304,"orthographic":false}