{"cameraMode":{"drawMode":0,"name":"Shaded","section":"Shading Mode"},"sceneLighting":true,"audioPlay":false,"sceneViewState":{"showFog":true,"showMaterialUpdate":false,"showSkybox":true,"showFlares":true,"showImageEffects":true,"showParticleSystems":true},"in2DMode":false,"pivot":{"x":-27.362415313720704,"y":6.653149604797363,"z":44.563228607177737},"rotation":{"x":-0.0333307608962059,"y":0.9654763340950012,"z":-0.15661020576953889,"w":-0.20548005402088166},"size":10.0,"orthographic":false}