{"cameraMode":{"drawMode":0,"name":"Shaded","section":"Shading Mode"},"sceneLighting":true,"audioPlay":false,"sceneViewState":{"showFog":true,"showMaterialUpdate":false,"showSkybox":true,"showFlares":true,"showImageEffects":true,"showParticleSystems":true},"in2DMode":false,"pivot":{"x":21.469486236572267,"y":1.8536677360534669,"z":18.571720123291017},"rotation":{"x":-0.022219132632017137,"y":-0.8241943120956421,"z":0.03241538256406784,"w":-0.5649429559707642},"size":10.0,"orthographic":false}