{"cameraMode":{"drawMode":0,"name":"Shaded","section":"Shading Mode"},"sceneLighting":true,"audioPlay":false,"sceneViewState":{"showFog":true,"showMaterialUpdate":false,"showSkybox":true,"showFlares":true,"showImageEffects":true,"showParticleSystems":true},"in2DMode":false,"pivot":{"x":2.5967366695404054,"y":-1.1385583877563477,"z":-17.477001190185548},"rotation":{"x":0.1559395045042038,"y":0.28873100876808169,"z":-0.047724418342113498,"w":0.9434235095977783},"size":10.0,"orthographic":false}