{"cameraMode":{"drawMode":0,"name":"Shaded","section":"Shading Mode"},"sceneLighting":false,"audioPlay":false,"sceneViewState":{"showFog":true,"showMaterialUpdate":false,"showSkybox":false,"showFlares":true,"showImageEffects":true,"showParticleSystems":true},"in2DMode":false,"pivot":{"x":-38.994747161865237,"y":1.1400285959243775,"z":-52.68699645996094},"rotation":{"x":0.1012275442481041,"y":-0.13210631906986237,"z":0.013577145524322987,"w":0.9859883785247803},"size":9.346063613891602,"orthographic":false}