{"cameraMode":{"drawMode":0,"name":"Shaded","section":"Shading Mode"},"sceneLighting":true,"audioPlay":false,"sceneViewState":{"showFog":true,"showMaterialUpdate":false,"showSkybox":true,"showFlares":true,"showImageEffects":true,"showParticleSystems":true},"in2DMode":false,"pivot":{"x":113.96382141113281,"y":1.2360000610351563,"z":-16.061996459960939},"rotation":{"x":0.1265365481376648,"y":-0.855602502822876,"z":0.24818889796733857,"w":0.4363543391227722},"size":10.0,"orthographic":false}