{"cameraMode":{"drawMode":0,"name":"Shaded","section":"Shading Mode"},"sceneLighting":true,"audioPlay":false,"sceneViewState":{"showFog":true,"showMaterialUpdate":false,"showSkybox":true,"showFlares":true,"showImageEffects":true,"showParticleSystems":true},"in2DMode":false,"pivot":{"x":1.9559794664382935,"y":13.842470169067383,"z":-20.234291076660158},"rotation":{"x":0.036602944135665897,"y":0.7812541127204895,"z":-0.0459887869656086,"w":0.6214826107025147},"size":4.565852642059326,"orthographic":false}