{"cameraMode":{"drawMode":0,"name":"Shaded","section":"Shading Mode"},"sceneLighting":false,"audioPlay":false,"sceneViewState":{"showFog":true,"showMaterialUpdate":false,"showSkybox":false,"showFlares":true,"showImageEffects":true,"showParticleSystems":true},"in2DMode":false,"pivot":{"x":3.4195122718811037,"y":1.3199999332427979,"z":-4.686983108520508},"rotation":{"x":-0.04826323688030243,"y":0.035054370760917667,"z":-0.0016951870638877154,"w":-0.9982799291610718},"size":1.6563271284103394,"orthographic":false}