{"cameraMode":{"drawMode":0,"name":"Shaded","section":"Shading Mode"},"sceneLighting":true,"audioPlay":false,"sceneViewState":{"showFog":true,"showMaterialUpdate":false,"showSkybox":true,"showFlares":true,"showImageEffects":true,"showParticleSystems":true},"in2DMode":false,"pivot":{"x":123.50309753417969,"y":2.245191812515259,"z":-199.5215301513672},"rotation":{"x":0.00851467065513134,"y":-0.2297441065311432,"z":-0.0017657385906204582,"w":-0.973594605922699},"size":3.9073946475982668,"orthographic":false}