{"cameraMode":{"drawMode":0,"name":"Shaded","section":"Shading Mode"},"sceneLighting":false,"audioPlay":false,"sceneViewState":{"showFog":true,"showMaterialUpdate":false,"showSkybox":false,"showFlares":true,"showImageEffects":true,"showParticleSystems":true},"in2DMode":false,"pivot":{"x":5.7564873695373539,"y":2.3300423622131349,"z":-47.181026458740237},"rotation":{"x":0.008443284779787064,"y":-0.7323085069656372,"z":0.008957413025200367,"w":0.681091845035553},"size":0.9804880023002625,"orthographic":false}