{"cameraMode":{"drawMode":0,"name":"Shaded","section":"Shading Mode"},"sceneLighting":false,"audioPlay":false,"sceneViewState":{"showFog":true,"showMaterialUpdate":false,"showSkybox":false,"showFlares":true,"showImageEffects":true,"showParticleSystems":true},"in2DMode":false,"pivot":{"x":12.598223686218262,"y":4.79710578918457,"z":-66.09976196289063},"rotation":{"x":0.11777868866920471,"y":-0.34750592708587649,"z":0.044782791286706927,"w":0.929450273513794},"size":1.1427102088928223,"orthographic":false}