{"cameraMode":{"drawMode":0,"name":"Shaded","section":"Shading Mode"},"sceneLighting":true,"audioPlay":false,"sceneViewState":{"showFog":true,"showMaterialUpdate":false,"showSkybox":true,"showFlares":true,"showImageEffects":true,"showParticleSystems":true},"in2DMode":false,"pivot":{"x":113.37278747558594,"y":6.666586875915527,"z":-124.21182250976563},"rotation":{"x":-0.030303239822387697,"y":0.0041425698436796669,"z":-0.00014323940558824688,"w":-0.9996353387832642},"size":43.41441345214844,"orthographic":false}