{"cameraMode":{"drawMode":0,"name":"Shaded","section":"Shading Mode"},"sceneLighting":false,"audioPlay":false,"sceneViewState":{"showFog":true,"showMaterialUpdate":false,"showSkybox":false,"showFlares":true,"showImageEffects":true,"showParticleSystems":true},"in2DMode":false,"pivot":{"x":-3.7296156883239748,"y":2.195114850997925,"z":-6.327853202819824},"rotation":{"x":0.4340933561325073,"y":0.3190537095069885,"z":-0.16632047295570374,"w":0.8262960910797119},"size":6.24139404296875,"orthographic":false}