{"cameraMode":{"drawMode":0,"name":"Shaded","section":"Shading Mode"},"sceneLighting":false,"audioPlay":false,"sceneViewState":{"showFog":true,"showMaterialUpdate":false,"showSkybox":false,"showFlares":true,"showImageEffects":true,"showParticleSystems":true},"in2DMode":false,"pivot":{"x":115.32324981689453,"y":2.774829149246216,"z":-229.73329162597657},"rotation":{"x":-0.3035386800765991,"y":0.35264745354652407,"z":-0.12223944067955017,"w":-0.876878559589386},"size":1.6499974727630616,"orthographic":false}