{"cameraMode":{"drawMode":0,"name":"Shaded","section":"Shading Mode"},"sceneLighting":false,"audioPlay":false,"sceneViewState":{"showFog":true,"showMaterialUpdate":false,"showSkybox":false,"showFlares":true,"showImageEffects":true,"showParticleSystems":true},"in2DMode":false,"pivot":{"x":22.200000762939454,"y":5.067999839782715,"z":-27.319997787475587},"rotation":{"x":-0.1224663257598877,"y":0.4359722137451172,"z":-0.060041919350624087,"w":-0.8896810412406921},"size":1.7770564556121827,"orthographic":false}