{"cameraMode":{"drawMode":0,"name":"Shaded","section":"Shading Mode"},"sceneLighting":false,"audioPlay":false,"sceneViewState":{"showFog":true,"showMaterialUpdate":false,"showSkybox":false,"showFlares":true,"showImageEffects":true,"showParticleSystems":true},"in2DMode":false,"pivot":{"x":-1.0899999141693116,"y":0.09106332808732987,"z":-1.1920928955078126e-7},"rotation":{"x":0.0565374493598938,"y":0.27367329597473147,"z":-0.016145244240760804,"w":0.9603915214538574},"size":2.0491678714752199,"orthographic":false}