{"cameraMode":{"drawMode":0,"name":"Shaded","section":"Shading Mode"},"sceneLighting":false,"audioPlay":false,"sceneViewState":{"showFog":true,"showMaterialUpdate":false,"showSkybox":false,"showFlares":true,"showImageEffects":true,"showParticleSystems":true},"in2DMode":false,"pivot":{"x":-16.63800048828125,"y":1.3209999799728394,"z":17.05900001525879},"rotation":{"x":0.10802367329597473,"y":-0.03955903276801109,"z":0.004285694099962711,"w":0.9934864044189453},"size":1.929516077041626,"orthographic":false}