{"cameraMode":{"drawMode":0,"name":"Shaded","section":"Shading Mode"},"sceneLighting":false,"audioPlay":false,"sceneViewState":{"showFog":true,"showMaterialUpdate":false,"showSkybox":false,"showFlares":true,"showImageEffects":true,"showParticleSystems":true},"in2DMode":false,"pivot":{"x":22.270000457763673,"y":5.300000190734863,"z":-30.020000457763673},"rotation":{"x":-0.1224663257598877,"y":0.4359722137451172,"z":-0.060041919350624087,"w":-0.8896810412406921},"size":2.54695987701416,"orthographic":false}