{"cameraMode":{"drawMode":0,"name":"Shaded","section":"Shading Mode"},"sceneLighting":false,"audioPlay":false,"sceneViewState":{"showFog":true,"showMaterialUpdate":false,"showSkybox":false,"showFlares":true,"showImageEffects":true,"showParticleSystems":true},"in2DMode":false,"pivot":{"x":-70.40220642089844,"y":0.20713186264038087,"z":-9.539571762084961},"rotation":{"x":-0.003509392961859703,"y":-0.9933179020881653,"z":0.1125284880399704,"w":-0.030295757576823236},"size":1.2089812755584717,"orthographic":false}