{"cameraMode":{"drawMode":0,"name":"Shaded","section":"Shading Mode"},"sceneLighting":true,"audioPlay":false,"sceneViewState":{"showFog":true,"showMaterialUpdate":false,"showSkybox":true,"showFlares":true,"showImageEffects":true,"showParticleSystems":true},"in2DMode":false,"pivot":{"x":3.0449600219726564,"y":2.4559214115142824,"z":-3.7314531803131105},"rotation":{"x":0.04078828543424606,"y":-0.022169742733240129,"z":0.000909187423530966,"w":0.9989315271377564},"size":10.0,"orthographic":false}