{"cameraMode":{"drawMode":0,"name":"Shaded","section":"Shading Mode"},"sceneLighting":true,"audioPlay":false,"sceneViewState":{"showFog":true,"showMaterialUpdate":false,"showSkybox":true,"showFlares":true,"showImageEffects":true,"showParticleSystems":true},"in2DMode":false,"pivot":{"x":-32.15386199951172,"y":12.644293785095215,"z":-61.470638275146487},"rotation":{"x":0.16237930953502656,"y":-0.553168773651123,"z":0.11165571212768555,"w":0.809761106967926},"size":3.7747299671173097,"orthographic":false}