{"cameraMode":{"drawMode":0,"name":"Shaded","section":"Shading Mode"},"sceneLighting":false,"audioPlay":false,"sceneViewState":{"showFog":true,"showMaterialUpdate":false,"showSkybox":false,"showFlares":true,"showImageEffects":true,"showParticleSystems":true},"in2DMode":false,"pivot":{"x":21.93000030517578,"y":4.2270002365112309,"z":-35.040000915527347},"rotation":{"x":-0.1224663257598877,"y":0.4359722137451172,"z":-0.060041919350624087,"w":-0.8896810412406921},"size":1.1681921482086182,"orthographic":false}