{"cameraMode":{"drawMode":0,"name":"Shaded","section":"Shading Mode"},"sceneLighting":false,"audioPlay":false,"sceneViewState":{"showFog":true,"showMaterialUpdate":false,"showSkybox":false,"showFlares":true,"showImageEffects":true,"showParticleSystems":true},"in2DMode":false,"pivot":{"x":22.03000259399414,"y":3.947999954223633,"z":-36.77000045776367},"rotation":{"x":-0.1224663257598877,"y":0.4359722137451172,"z":-0.060041919350624087,"w":-0.8896810412406921},"size":0.7725798487663269,"orthographic":false}