{"cameraMode":{"drawMode":0,"name":"Shaded","section":"Shading Mode"},"sceneLighting":true,"audioPlay":false,"sceneViewState":{"showFog":true,"showMaterialUpdate":false,"showSkybox":true,"showFlares":true,"showImageEffects":true,"showParticleSystems":true},"in2DMode":false,"pivot":{"x":95.00270080566406,"y":4.230710983276367,"z":-56.29051971435547},"rotation":{"x":0.282373309135437,"y":0.06394679099321366,"z":-0.018413709476590158,"w":0.9572955965995789},"size":18.517578125,"orthographic":false}