{"cameraMode":{"drawMode":0,"name":"Shaded","section":"Shading Mode"},"sceneLighting":true,"audioPlay":false,"sceneViewState":{"showFog":true,"showMaterialUpdate":false,"showSkybox":true,"showFlares":true,"showImageEffects":true,"showParticleSystems":true},"in2DMode":false,"pivot":{"x":-10.16594409942627,"y":15.87837028503418,"z":-21.424564361572267},"rotation":{"x":-0.17109659314155579,"y":-0.3181653618812561,"z":0.05848337709903717,"w":-0.930672287940979},"size":1.4126574993133546,"orthographic":false}