{"cameraMode":{"drawMode":0,"name":"Shaded","section":"Shading Mode"},"sceneLighting":false,"audioPlay":false,"sceneViewState":{"showFog":true,"showMaterialUpdate":false,"showSkybox":false,"showFlares":true,"showImageEffects":true,"showParticleSystems":true},"in2DMode":false,"pivot":{"x":23.00440216064453,"y":11.270000457763672,"z":-32.0482063293457},"rotation":{"x":-0.10654955357313156,"y":0.03339509293437004,"z":-0.00358643289655447,"w":-0.9937703609466553},"size":11.497601509094239,"orthographic":false}