{"cameraMode":{"drawMode":0,"name":"Shaded","section":"Shading Mode"},"sceneLighting":false,"audioPlay":false,"sceneViewState":{"showFog":true,"showMaterialUpdate":false,"showSkybox":false,"showFlares":true,"showImageEffects":true,"showParticleSystems":true},"in2DMode":false,"pivot":{"x":-1.1574925184249879,"y":0.6131463050842285,"z":1.0469701290130616},"rotation":{"x":0.005568233784288168,"y":-0.9941985011100769,"z":0.08852081000804901,"w":0.06150704622268677},"size":1.1213510036468506,"orthographic":false}