{"cameraMode":{"drawMode":0,"name":"Shaded","section":"Shading Mode"},"sceneLighting":true,"audioPlay":false,"sceneViewState":{"showFog":true,"showMaterialUpdate":false,"showSkybox":true,"showFlares":true,"showImageEffects":true,"showParticleSystems":true},"in2DMode":false,"pivot":{"x":140.49795532226563,"y":6.466882228851318,"z":-214.08450317382813},"rotation":{"x":0.02375490963459015,"y":0.7277726531028748,"z":-0.025456933304667474,"w":0.6854480504989624},"size":1.900903582572937,"orthographic":false}