{"cameraMode":{"drawMode":0,"name":"Shaded","section":"Shading Mode"},"sceneLighting":true,"audioPlay":false,"sceneViewState":{"showFog":true,"showMaterialUpdate":false,"showSkybox":true,"showFlares":true,"showImageEffects":true,"showParticleSystems":true},"in2DMode":false,"pivot":{"x":120.53155517578125,"y":14.054235458374024,"z":-207.72393798828126},"rotation":{"x":0.12468704581260681,"y":-0.14657257497310639,"z":0.01826917566359043,"w":0.9814692735671997},"size":1.900903582572937,"orthographic":false}