{"cameraMode":{"drawMode":0,"name":"Shaded","section":"Shading Mode"},"sceneLighting":false,"audioPlay":false,"sceneViewState":{"showFog":true,"showMaterialUpdate":false,"showSkybox":false,"showFlares":true,"showImageEffects":true,"showParticleSystems":true},"in2DMode":false,"pivot":{"x":115.73999786376953,"y":2.5,"z":-229.6999969482422},"rotation":{"x":-0.04377245530486107,"y":-0.9363381862640381,"z":0.12607893347740174,"w":-0.32582351565361025},"size":1.6499974727630616,"orthographic":false}