{"cameraMode":{"drawMode":0,"name":"Shaded","section":"Shading Mode"},"sceneLighting":false,"audioPlay":false,"sceneViewState":{"showFog":true,"showMaterialUpdate":false,"showSkybox":false,"showFlares":true,"showImageEffects":true,"showParticleSystems":true},"in2DMode":false,"pivot":{"x":116.12958526611328,"y":2.7609896659851076,"z":-224.04823303222657},"rotation":{"x":0.01493471022695303,"y":-0.9843404293060303,"z":0.14756307005882264,"w":0.09888821095228195},"size":1.6499974727630616,"orthographic":false}