{"cameraMode":{"drawMode":0,"name":"Shaded","section":"Shading Mode"},"sceneLighting":false,"audioPlay":false,"sceneViewState":{"showFog":true,"showMaterialUpdate":false,"showSkybox":false,"showFlares":true,"showImageEffects":true,"showParticleSystems":true},"in2DMode":false,"pivot":{"x":-15.973991394042969,"y":16.704660415649415,"z":-20.943370819091798},"rotation":{"x":-0.176871657371521,"y":-0.10367510467767716,"z":0.01889313943684101,"w":-0.9786773920059204},"size":8.342567443847657,"orthographic":false}