{"cameraMode":{"drawMode":0,"name":"Shaded","section":"Shading Mode"},"sceneLighting":false,"audioPlay":false,"sceneViewState":{"showFog":true,"showMaterialUpdate":false,"showSkybox":false,"showFlares":true,"showImageEffects":true,"showParticleSystems":true},"in2DMode":false,"pivot":{"x":82.66999816894531,"y":-6.047998428344727,"z":-130.49000549316407},"rotation":{"x":0.024648252874612809,"y":-0.9655176401138306,"z":0.09915048629045487,"w":0.24084892868995667},"size":1.4663383960723878,"orthographic":false}