{"cameraMode":{"drawMode":0,"name":"Shaded","section":"Shading Mode"},"sceneLighting":false,"audioPlay":false,"sceneViewState":{"showFog":true,"showMaterialUpdate":false,"showSkybox":false,"showFlares":true,"showImageEffects":true,"showParticleSystems":true},"in2DMode":false,"pivot":{"x":-0.37094175815582278,"y":0.29965293407440188,"z":1.0425126552581788},"rotation":{"x":0.17288266122341157,"y":0.19675765931606294,"z":-0.03512786701321602,"w":0.9646287560462952},"size":2.0491678714752199,"orthographic":false}