{"cameraMode":{"drawMode":0,"name":"Shaded","section":"Shading Mode"},"sceneLighting":true,"audioPlay":false,"sceneViewState":{"showFog":true,"showMaterialUpdate":false,"showSkybox":true,"showFlares":true,"showImageEffects":true,"showParticleSystems":true},"in2DMode":false,"pivot":{"x":109.4749984741211,"y":9.956522941589356,"z":-69.49500274658203},"rotation":{"x":-0.054151751101017,"y":-0.06974442303180695,"z":0.0038105312269181015,"w":-0.9961155652999878},"size":0.8628605604171753,"orthographic":false}