{"cameraMode":{"drawMode":0,"name":"Shaded","section":"Shading Mode"},"sceneLighting":false,"audioPlay":false,"sceneViewState":{"showFog":true,"showMaterialUpdate":false,"showSkybox":false,"showFlares":true,"showImageEffects":true,"showParticleSystems":true},"in2DMode":false,"pivot":{"x":123.93999481201172,"y":3.130000114440918,"z":-229.6999969482422},"rotation":{"x":-0.00016725629393476993,"y":1.0002716779708863,"z":-0.0018119161250069738,"w":-0.012551209889352322},"size":6.828813076019287,"orthographic":false}