{"cameraMode":{"drawMode":0,"name":"Shaded","section":"Shading Mode"},"sceneLighting":false,"audioPlay":false,"sceneViewState":{"showFog":true,"showMaterialUpdate":false,"showSkybox":false,"showFlares":true,"showImageEffects":true,"showParticleSystems":true},"in2DMode":false,"pivot":{"x":53.063011169433597,"y":-0.2920569181442261,"z":35.64825439453125},"rotation":{"x":0.08310477435588837,"y":-0.636491060256958,"z":0.06918893754482269,"w":0.7641000151634216},"size":3.621122360229492,"orthographic":false}