{"cameraMode":{"drawMode":0,"name":"Shaded","section":"Shading Mode"},"sceneLighting":false,"audioPlay":false,"sceneViewState":{"showFog":true,"showMaterialUpdate":false,"showSkybox":false,"showFlares":true,"showImageEffects":true,"showParticleSystems":true},"in2DMode":false,"pivot":{"x":-0.6392879486083984,"y":2.542231559753418,"z":8.526494026184082},"rotation":{"x":-0.1508534699678421,"y":0.4127197861671448,"z":-0.06941946595907211,"w":-0.8957290053367615},"size":2.1196651458740236,"orthographic":false}