{"cameraMode":{"drawMode":0,"name":"Shaded","section":"Shading Mode"},"sceneLighting":false,"audioPlay":false,"sceneViewState":{"showFog":true,"showMaterialUpdate":false,"showSkybox":false,"showFlares":true,"showImageEffects":true,"showParticleSystems":true},"in2DMode":false,"pivot":{"x":-4.05394172668457,"y":1.532213568687439,"z":33.56416702270508},"rotation":{"x":-0.028920453041791917,"y":0.898837149143219,"z":-0.05962615832686424,"w":-0.43347227573394778},"size":0.7999141812324524,"orthographic":false}