{"cameraMode":{"drawMode":0,"name":"Shaded","section":"Shading Mode"},"sceneLighting":false,"audioPlay":false,"sceneViewState":{"showFog":true,"showMaterialUpdate":false,"showSkybox":false,"showFlares":true,"showImageEffects":true,"showParticleSystems":true},"in2DMode":false,"pivot":{"x":111.94000244140625,"y":10.770000457763672,"z":-77.88999938964844},"rotation":{"x":0.10215193033218384,"y":0.0058404733426868919,"z":-0.0007008142420090735,"w":0.9949468374252319},"size":4.242641448974609,"orthographic":false}