{"cameraMode":{"drawMode":0,"name":"Shaded","section":"Shading Mode"},"sceneLighting":false,"audioPlay":false,"sceneViewState":{"showFog":true,"showMaterialUpdate":false,"showSkybox":false,"showFlares":true,"showImageEffects":true,"showParticleSystems":true},"in2DMode":false,"pivot":{"x":3.3699734210968019,"y":1.536110758781433,"z":-38.39003372192383},"rotation":{"x":-0.12004518508911133,"y":0.217992901802063,"z":-0.026846202090382577,"w":-0.9682580232620239},"size":0.4466661214828491,"orthographic":false}