{"cameraMode":{"drawMode":0,"name":"Shaded","section":"Shading Mode"},"sceneLighting":false,"audioPlay":false,"sceneViewState":{"showFog":true,"showMaterialUpdate":false,"showSkybox":false,"showFlares":true,"showImageEffects":true,"showParticleSystems":true},"in2DMode":false,"pivot":{"x":12.651275634765625,"y":1.3182005882263184,"z":-0.7107237577438355},"rotation":{"x":-0.08821472525596619,"y":-0.10646533221006394,"z":0.009503358975052834,"w":-0.9906856417655945},"size":1.0844340324401856,"orthographic":false}