{"cameraMode":{"drawMode":0,"name":"Shaded","section":"Shading Mode"},"sceneLighting":false,"audioPlay":false,"sceneViewState":{"showFog":true,"showMaterialUpdate":false,"showSkybox":false,"showFlares":true,"showImageEffects":true,"showParticleSystems":true},"in2DMode":false,"pivot":{"x":4.197978973388672,"y":1.1595178842544556,"z":2.935666561126709},"rotation":{"x":0.011601302772760392,"y":-0.9269599914550781,"z":0.028011424466967584,"w":0.37481987476348879},"size":0.5169011950492859,"orthographic":false}