{"cameraMode":{"drawMode":0,"name":"Shaded","section":"Shading Mode"},"sceneLighting":false,"audioPlay":false,"sceneViewState":{"showFog":true,"showMaterialUpdate":false,"showSkybox":false,"showFlares":true,"showImageEffects":true,"showParticleSystems":true},"in2DMode":false,"pivot":{"x":12.873404502868653,"y":1.6957579851150513,"z":-13.141654014587403},"rotation":{"x":-0.02441892772912979,"y":0.7122914791107178,"z":-0.024806039407849313,"w":-0.7011901140213013},"size":1.3558058738708497,"orthographic":false}