{"cameraMode":{"drawMode":0,"name":"Shaded","section":"Shading Mode"},"sceneLighting":false,"audioPlay":false,"sceneViewState":{"showFog":true,"showMaterialUpdate":false,"showSkybox":false,"showFlares":true,"showImageEffects":true,"showParticleSystems":true},"in2DMode":false,"pivot":{"x":0.0454389750957489,"y":0.8398650884628296,"z":18.33632469177246},"rotation":{"x":0.0047412170097231869,"y":0.985814094543457,"z":-0.16599039733409882,"w":0.02875136025249958},"size":1.7911429405212403,"orthographic":false}