{"cameraMode":{"drawMode":0,"name":"Shaded","section":"Shading Mode"},"sceneLighting":false,"audioPlay":false,"sceneViewState":{"showFog":true,"showMaterialUpdate":false,"showSkybox":false,"showFlares":true,"showImageEffects":true,"showParticleSystems":true},"in2DMode":false,"pivot":{"x":2.278210163116455,"y":0.24471032619476319,"z":1.5991817712783814},"rotation":{"x":0.09309612214565277,"y":-0.04514675959944725,"z":0.004111753776669502,"w":0.9947399497032166},"size":1.6322304010391236,"orthographic":false}