{"cameraMode":{"drawMode":0,"name":"Shaded","section":"Shading Mode"},"sceneLighting":true,"audioPlay":false,"sceneViewState":{"showFog":true,"showMaterialUpdate":false,"showSkybox":true,"showFlares":true,"showImageEffects":true,"showParticleSystems":true},"in2DMode":false,"pivot":{"x":-12.366939544677735,"y":1.0703738927841187,"z":49.60921096801758},"rotation":{"x":0.04472579061985016,"y":-0.598726212978363,"z":0.0333496630191803,"w":0.7992011904716492},"size":1.2704436779022217,"orthographic":false}