{"cameraMode":{"drawMode":0,"name":"Shaded","section":"Shading Mode"},"sceneLighting":false,"audioPlay":false,"sceneViewState":{"showFog":true,"showMaterialUpdate":false,"showSkybox":false,"showFlares":true,"showImageEffects":true,"showParticleSystems":true},"in2DMode":false,"pivot":{"x":115.73999786376953,"y":2.651264190673828,"z":-232.5375518798828},"rotation":{"x":0.2786264717578888,"y":-0.0022292924113571645,"z":0.0015069617656990886,"w":0.9606050252914429},"size":10.0,"orthographic":false}