{"cameraMode":{"drawMode":0,"name":"Shaded","section":"Shading Mode"},"sceneLighting":false,"audioPlay":false,"sceneViewState":{"showFog":true,"showMaterialUpdate":false,"showSkybox":false,"showFlares":true,"showImageEffects":true,"showParticleSystems":true},"in2DMode":false,"pivot":{"x":-1.0899999141693116,"y":-1.764345407485962,"z":-2.384185791015625e-7},"rotation":{"x":0.07943335920572281,"y":-0.8084443211555481,"z":0.11271138489246369,"w":0.5724387764930725},"size":8.077953338623047,"orthographic":false}