{"cameraMode":{"drawMode":0,"name":"Shaded","section":"Shading Mode"},"sceneLighting":true,"audioPlay":false,"sceneViewState":{"showFog":true,"showMaterialUpdate":false,"showSkybox":true,"showFlares":true,"showImageEffects":true,"showParticleSystems":true},"in2DMode":false,"pivot":{"x":-41.16176223754883,"y":10.137703895568848,"z":36.01259231567383},"rotation":{"x":0.036925673484802249,"y":0.9587246775627136,"z":-0.16201411187648774,"w":0.23365576565265656},"size":3.4106812477111818,"orthographic":false}