{"cameraMode":{"drawMode":0,"name":"Shaded","section":"Shading Mode"},"sceneLighting":true,"audioPlay":false,"sceneViewState":{"showFog":true,"showMaterialUpdate":false,"showSkybox":true,"showFlares":true,"showImageEffects":true,"showParticleSystems":true},"in2DMode":false,"pivot":{"x":0.1729741394519806,"y":-0.3556440770626068,"z":-23.951309204101564},"rotation":{"x":-0.11646376550197602,"y":-0.5682742595672607,"z":0.08456505835056305,"w":-0.8109886646270752},"size":10.0,"orthographic":false}