{"cameraMode":{"drawMode":0,"name":"Shaded","section":"Shading Mode"},"sceneLighting":true,"audioPlay":false,"sceneViewState":{"showFog":true,"showMaterialUpdate":false,"showSkybox":true,"showFlares":true,"showImageEffects":true,"showParticleSystems":true},"in2DMode":false,"pivot":{"x":20.654457092285158,"y":11.659637451171875,"z":52.11065673828125},"rotation":{"x":0.09784302115440369,"y":-0.8437784314155579,"z":0.15918134152889253,"w":0.5044465065002441},"size":10.0,"orthographic":false}