{"cameraMode":{"drawMode":0,"name":"Shaded","section":"Shading Mode"},"sceneLighting":false,"audioPlay":false,"sceneViewState":{"showFog":true,"showMaterialUpdate":false,"showSkybox":false,"showFlares":true,"showImageEffects":true,"showParticleSystems":true},"in2DMode":false,"pivot":{"x":0.4421009421348572,"y":0.1552249789237976,"z":-1.1987724304199219},"rotation":{"x":0.02193896844983101,"y":0.9538826942443848,"z":-0.07197117060422898,"w":0.29068616032600405},"size":1.7613916397094727,"orthographic":false}