{"cameraMode":{"drawMode":0,"name":"Shaded","section":"Shading Mode"},"sceneLighting":true,"audioPlay":false,"sceneViewState":{"showFog":true,"showMaterialUpdate":false,"showSkybox":true,"showFlares":true,"showImageEffects":true,"showParticleSystems":true},"in2DMode":false,"pivot":{"x":31.479042053222658,"y":3.912208318710327,"z":-10.885183334350586},"rotation":{"x":-0.08575174957513809,"y":0.7945682406425476,"z":-0.11545637249946594,"w":-0.5899720191955566},"size":10.0,"orthographic":false}