{"cameraMode":{"drawMode":0,"name":"Shaded","section":"Shading Mode"},"sceneLighting":true,"audioPlay":false,"sceneViewState":{"showFog":true,"showMaterialUpdate":false,"showSkybox":true,"showFlares":true,"showImageEffects":true,"showParticleSystems":true},"in2DMode":false,"pivot":{"x":16.40105628967285,"y":5.374509334564209,"z":-37.648738861083987},"rotation":{"x":0.05490431562066078,"y":-0.7451226711273193,"z":0.06187429651618004,"w":0.6618608832359314},"size":0.9804877042770386,"orthographic":false}