{"cameraMode":{"drawMode":0,"name":"Shaded","section":"Shading Mode"},"sceneLighting":true,"audioPlay":false,"sceneViewState":{"showFog":true,"showMaterialUpdate":false,"showSkybox":true,"showFlares":true,"showImageEffects":true,"showParticleSystems":true},"in2DMode":false,"pivot":{"x":50.999908447265628,"y":-1.4580421447753907,"z":-33.480411529541019},"rotation":{"x":0.19703473150730134,"y":-0.0734528973698616,"z":0.014804902486503125,"w":0.9775328040122986},"size":22.264877319335939,"orthographic":false}