{"cameraMode":{"drawMode":0,"name":"Shaded","section":"Shading Mode"},"sceneLighting":true,"audioPlay":false,"sceneViewState":{"showFog":true,"showMaterialUpdate":false,"showSkybox":true,"showFlares":true,"showImageEffects":true,"showParticleSystems":true},"in2DMode":false,"pivot":{"x":-7.304214000701904,"y":20.753137588500978,"z":-2.7589902877807619},"rotation":{"x":0.1413518190383911,"y":0.642015278339386,"z":-0.12198939174413681,"w":0.7436461448669434},"size":0.7753517031669617,"orthographic":false}