{"cameraMode":{"drawMode":0,"name":"Shaded","section":"Shading Mode"},"sceneLighting":false,"audioPlay":false,"sceneViewState":{"showFog":true,"showMaterialUpdate":false,"showSkybox":false,"showFlares":true,"showImageEffects":true,"showParticleSystems":true},"in2DMode":false,"pivot":{"x":114.05695343017578,"y":2.186577081680298,"z":-228.3028106689453},"rotation":{"x":0.12096377462148667,"y":0.0984564796090126,"z":-0.011696689762175084,"w":0.9878618121147156},"size":3.8101460933685304,"orthographic":false}