{"cameraMode":{"drawMode":0,"name":"Shaded","section":"Shading Mode"},"sceneLighting":false,"audioPlay":false,"sceneViewState":{"showFog":true,"showMaterialUpdate":false,"showSkybox":false,"showFlares":true,"showImageEffects":true,"showParticleSystems":true},"in2DMode":false,"pivot":{"x":111.95945739746094,"y":1.317959189414978,"z":-249.05810546875},"rotation":{"x":0.11692505329847336,"y":0.04978201910853386,"z":-0.005643622018396854,"w":0.9920644760131836},"size":10.0,"orthographic":false}