{"cameraMode":{"drawMode":0,"name":"Shaded","section":"Shading Mode"},"sceneLighting":true,"audioPlay":false,"sceneViewState":{"showFog":true,"showMaterialUpdate":false,"showSkybox":true,"showFlares":true,"showImageEffects":true,"showParticleSystems":true},"in2DMode":false,"pivot":{"x":7.040778160095215,"y":7.907577037811279,"z":-18.78299903869629},"rotation":{"x":-0.33816421031951907,"y":0.0949162170290947,"z":-0.034304648637771609,"w":-0.9356613755226135},"size":10.0,"orthographic":false}