{"cameraMode":{"drawMode":0,"name":"Shaded","section":"Shading Mode"},"sceneLighting":true,"audioPlay":false,"sceneViewState":{"showFog":true,"showMaterialUpdate":false,"showSkybox":true,"showFlares":true,"showImageEffects":true,"showParticleSystems":true},"in2DMode":false,"pivot":{"x":-64.29833984375,"y":29.60430145263672,"z":27.576955795288087},"rotation":{"x":-0.1153721883893013,"y":-0.884440541267395,"z":0.3287712037563324,"w":-0.3111342787742615},"size":13.83590316772461,"orthographic":false}