{"cameraMode":{"drawMode":0,"name":"Shaded","section":"Shading Mode"},"sceneLighting":true,"audioPlay":false,"sceneViewState":{"showFog":true,"showMaterialUpdate":false,"showSkybox":true,"showFlares":true,"showImageEffects":true,"showParticleSystems":true},"in2DMode":false,"pivot":{"x":-15.146324157714844,"y":12.96571159362793,"z":-37.64134216308594},"rotation":{"x":-0.3236317038536072,"y":-0.30102407932281496,"z":0.10866906493902207,"w":-0.8906790614128113},"size":0.49857670068740847,"orthographic":false}