{"cameraMode":{"drawMode":0,"name":"Shaded","section":"Shading Mode"},"sceneLighting":false,"audioPlay":false,"sceneViewState":{"showFog":true,"showMaterialUpdate":false,"showSkybox":false,"showFlares":true,"showImageEffects":true,"showParticleSystems":true},"in2DMode":false,"pivot":{"x":115.7402114868164,"y":2.5,"z":-229.6999969482422},"rotation":{"x":-0.05548481643199921,"y":0.10295990854501724,"z":-0.005819371901452541,"w":-0.9932624101638794},"size":1.6563221216201783,"orthographic":false}