{"cameraMode":{"drawMode":0,"name":"Shaded","section":"Shading Mode"},"sceneLighting":true,"audioPlay":false,"sceneViewState":{"showFog":true,"showMaterialUpdate":false,"showSkybox":true,"showFlares":true,"showImageEffects":true,"showParticleSystems":true},"in2DMode":false,"pivot":{"x":115.59121704101563,"y":17.8971004486084,"z":-248.29246520996095},"rotation":{"x":-0.18072707951068879,"y":0.2980814576148987,"z":-0.057551994919776919,"w":-0.9355966448783875},"size":1.0467207431793213,"orthographic":false}