{"cameraMode":{"drawMode":0,"name":"Shaded","section":"Shading Mode"},"sceneLighting":true,"audioPlay":false,"sceneViewState":{"showFog":true,"showMaterialUpdate":false,"showSkybox":true,"showFlares":true,"showImageEffects":true,"showParticleSystems":true},"in2DMode":false,"pivot":{"x":-33.46978759765625,"y":23.562950134277345,"z":-24.324630737304689},"rotation":{"x":0.11566098034381867,"y":0.2171712964773178,"z":-0.025924425572156907,"w":0.9689112901687622},"size":2.936774969100952,"orthographic":false}