{"cameraMode":{"drawMode":0,"name":"Shaded","section":"Shading Mode"},"sceneLighting":true,"audioPlay":false,"sceneViewState":{"showFog":true,"showMaterialUpdate":false,"showSkybox":true,"showFlares":true,"showImageEffects":true,"showParticleSystems":true},"in2DMode":false,"pivot":{"x":-10.39232349395752,"y":1.9290846586227418,"z":14.653862953186036},"rotation":{"x":-0.06890026479959488,"y":0.10068286955356598,"z":-0.006997579708695412,"w":-0.9925185441970825},"size":10.0,"orthographic":false}