{"cameraMode":{"drawMode":0,"name":"Shaded","section":"Shading Mode"},"sceneLighting":true,"audioPlay":false,"sceneViewState":{"showFog":true,"showMaterialUpdate":false,"showSkybox":true,"showFlares":true,"showImageEffects":true,"showParticleSystems":true},"in2DMode":false,"pivot":{"x":-1.3730735778808594,"y":-5.2508320808410648,"z":4.268673896789551},"rotation":{"x":-0.2052401751279831,"y":0.07390790432691574,"z":-0.015545179136097432,"w":-0.9757936000823975},"size":10.0,"orthographic":false}