{"cameraMode":{"drawMode":0,"name":"Shaded","section":"Shading Mode"},"sceneLighting":true,"audioPlay":false,"sceneViewState":{"showFog":true,"showMaterialUpdate":false,"showSkybox":true,"showFlares":true,"showImageEffects":true,"showParticleSystems":true},"in2DMode":false,"pivot":{"x":-6.429313659667969,"y":-7.765214920043945,"z":99.2202377319336},"rotation":{"x":0.08930400013923645,"y":0.22655053436756135,"z":-0.020767703652381898,"w":0.9697685241699219},"size":53.43263626098633,"orthographic":false}