{"cameraMode":{"drawMode":0,"name":"Shaded","section":"Shading Mode"},"sceneLighting":true,"audioPlay":false,"sceneViewState":{"showFog":true,"showMaterialUpdate":false,"showSkybox":true,"showFlares":true,"showImageEffects":true,"showParticleSystems":true},"in2DMode":false,"pivot":{"x":-32.21772003173828,"y":10.442400932312012,"z":-71.1025161743164},"rotation":{"x":-0.21926429867744447,"y":-0.18686312437057496,"z":0.04282926768064499,"w":-0.9566453695297241},"size":6.540990352630615,"orthographic":false}