{"cameraMode":{"drawMode":0,"name":"Shaded","section":"Shading Mode"},"sceneLighting":true,"audioPlay":false,"sceneViewState":{"showFog":true,"showMaterialUpdate":false,"showSkybox":true,"showFlares":true,"showImageEffects":true,"showParticleSystems":true},"in2DMode":false,"pivot":{"x":27.490381240844728,"y":8.786149978637696,"z":-10.924296379089356},"rotation":{"x":-0.08446329832077027,"y":0.9047929048538208,"z":-0.2117057591676712,"w":-0.3615413010120392},"size":0.9593206644058228,"orthographic":false}