{"cameraMode":{"drawMode":0,"name":"Shaded","section":"Shading Mode"},"sceneLighting":false,"audioPlay":false,"sceneViewState":{"showFog":true,"showMaterialUpdate":false,"showSkybox":false,"showFlares":true,"showImageEffects":true,"showParticleSystems":true},"in2DMode":false,"pivot":{"x":61.75332260131836,"y":1.451784610748291,"z":35.058349609375},"rotation":{"x":-0.08069869875907898,"y":-0.20942442119121552,"z":0.018376773223280908,"w":-0.9749648571014404},"size":3.621122360229492,"orthographic":false}