{"cameraMode":{"drawMode":0,"name":"Shaded","section":"Shading Mode"},"sceneLighting":true,"audioPlay":false,"sceneViewState":{"showFog":true,"showMaterialUpdate":false,"showSkybox":false,"showFlares":true,"showImageEffects":true,"showParticleSystems":true},"in2DMode":false,"pivot":{"x":5.6249003410339359,"y":2.430999755859375,"z":51.95549774169922},"rotation":{"x":0.15552735328674317,"y":0.4739933907985687,"z":-0.08648835867643357,"w":0.8630502223968506},"size":28.999378204345704,"orthographic":false}