{"cameraMode":{"drawMode":0,"name":"Shaded","section":"Shading Mode"},"sceneLighting":false,"audioPlay":false,"sceneViewState":{"showFog":true,"showMaterialUpdate":false,"showSkybox":false,"showFlares":true,"showImageEffects":true,"showParticleSystems":true},"in2DMode":false,"pivot":{"x":-4.233530521392822,"y":-0.14911560714244843,"z":5.603118896484375},"rotation":{"x":-0.08128217607736588,"y":0.02422523871064186,"z":-0.00023701091413386166,"w":-0.9970464706420898},"size":5.282960891723633,"orthographic":false}