{"cameraMode":{"drawMode":0,"name":"Shaded","section":"Shading Mode"},"sceneLighting":true,"audioPlay":false,"sceneViewState":{"showFog":true,"showMaterialUpdate":false,"showSkybox":true,"showFlares":true,"showImageEffects":true,"showParticleSystems":true},"in2DMode":false,"pivot":{"x":31.520610809326173,"y":-1.1684989929199219,"z":10.91057300567627},"rotation":{"x":0.42412880063056948,"y":0.0013584279222413898,"z":-0.0006360587431117892,"w":0.9056017398834229},"size":17.397680282592775,"orthographic":false}