{"cameraMode":{"drawMode":0,"name":"Shaded","section":"Shading Mode"},"sceneLighting":false,"audioPlay":false,"sceneViewState":{"showFog":true,"showMaterialUpdate":false,"showSkybox":false,"showFlares":true,"showImageEffects":true,"showParticleSystems":true},"in2DMode":false,"pivot":{"x":8.735955238342286,"y":0.6749999523162842,"z":9.826262474060059},"rotation":{"x":0.2911304533481598,"y":0.023533232510089875,"z":-0.00716386316344142,"w":0.9563682675361633},"size":0.8395987749099731,"orthographic":false}