{"cameraMode":{"drawMode":0,"name":"Shaded","section":"Shading Mode"},"sceneLighting":true,"audioPlay":false,"sceneViewState":{"showFog":true,"showMaterialUpdate":false,"showSkybox":true,"showFlares":true,"showImageEffects":true,"showParticleSystems":true},"in2DMode":false,"pivot":{"x":-38.9815559387207,"y":5.800000190734863,"z":52.0393180847168},"rotation":{"x":-0.004638523794710636,"y":0.9810137152671814,"z":-0.19254744052886964,"w":-0.023558830842375757},"size":0.549540102481842,"orthographic":false}