{"cameraMode":{"drawMode":0,"name":"Shaded","section":"Shading Mode"},"sceneLighting":true,"audioPlay":false,"sceneViewState":{"showFog":true,"showMaterialUpdate":false,"showSkybox":true,"showFlares":true,"showImageEffects":true,"showParticleSystems":true},"in2DMode":false,"pivot":{"x":-45.68074417114258,"y":-3.6732676029205324,"z":-18.981740951538087},"rotation":{"x":-0.028474263846874238,"y":0.9605096578598023,"z":-0.25532010197639468,"w":-0.10706561803817749},"size":0.8495401740074158,"orthographic":false}