{"cameraMode":{"drawMode":0,"name":"Shaded","section":"Shading Mode"},"sceneLighting":false,"audioPlay":false,"sceneViewState":{"showFog":true,"showMaterialUpdate":false,"showSkybox":false,"showFlares":true,"showImageEffects":true,"showParticleSystems":true},"in2DMode":false,"pivot":{"x":92.05278015136719,"y":11.689733505249024,"z":-67.71277618408203},"rotation":{"x":0.06924370676279068,"y":0.6788089275360107,"z":-0.06455458700656891,"w":0.7281970977783203},"size":2.381593942642212,"orthographic":false}