{"cameraMode":{"drawMode":0,"name":"Shaded","section":"Shading Mode"},"sceneLighting":false,"audioPlay":false,"sceneViewState":{"showFog":true,"showMaterialUpdate":false,"showSkybox":false,"showFlares":true,"showImageEffects":true,"showParticleSystems":true},"in2DMode":false,"pivot":{"x":101.72327423095703,"y":10.058531761169434,"z":-67.46922302246094},"rotation":{"x":0.16455358266830445,"y":0.659269392490387,"z":-0.15110856294631959,"w":0.7179585695266724},"size":2.37441349029541,"orthographic":false}