{"cameraMode":{"drawMode":0,"name":"Shaded","section":"Shading Mode"},"sceneLighting":true,"audioPlay":false,"sceneViewState":{"showFog":true,"showMaterialUpdate":false,"showSkybox":true,"showFlares":true,"showImageEffects":true,"showParticleSystems":true},"in2DMode":false,"pivot":{"x":0.9014490246772766,"y":1.2434028387069703,"z":-9.456490516662598},"rotation":{"x":-0.09763636440038681,"y":-0.018811803311109544,"z":0.0018472546944394708,"w":-0.9950469136238098},"size":1.3848665952682496,"orthographic":false}