{"cameraMode":{"drawMode":0,"name":"Shaded","section":"Shading Mode"},"sceneLighting":false,"audioPlay":false,"sceneViewState":{"showFog":true,"showMaterialUpdate":false,"showSkybox":false,"showFlares":true,"showImageEffects":true,"showParticleSystems":true},"in2DMode":false,"pivot":{"x":14.704856872558594,"y":6.75,"z":-46.070003509521487},"rotation":{"x":0.14166198670864106,"y":-0.15816238522529603,"z":0.022934656590223314,"w":0.9769352674484253},"size":5.362665176391602,"orthographic":false}