{"cameraMode":{"drawMode":0,"name":"Shaded","section":"Shading Mode"},"sceneLighting":true,"audioPlay":false,"sceneViewState":{"showFog":true,"showMaterialUpdate":false,"showSkybox":true,"showFlares":true,"showImageEffects":true,"showParticleSystems":true},"in2DMode":false,"pivot":{"x":-13.078245162963868,"y":11.226417541503907,"z":-71.07935333251953},"rotation":{"x":-0.18228177726268769,"y":0.006486325059086084,"z":-0.0012029178906232119,"w":-0.9832298159599304},"size":12.509965896606446,"orthographic":false}