{"cameraMode":{"drawMode":0,"name":"Shaded","section":"Shading Mode"},"sceneLighting":false,"audioPlay":false,"sceneViewState":{"showFog":true,"showMaterialUpdate":false,"showSkybox":false,"showFlares":true,"showImageEffects":true,"showParticleSystems":true},"in2DMode":false,"pivot":{"x":4.839211463928223,"y":1.6603893041610718,"z":-6.991348743438721},"rotation":{"x":0.005101936403661966,"y":-0.9448680877685547,"z":0.3271390497684479,"w":0.014752056449651719},"size":1.3856408596038819,"orthographic":false}