{"cameraMode":{"drawMode":0,"name":"Shaded","section":"Shading Mode"},"sceneLighting":true,"audioPlay":false,"sceneViewState":{"showFog":true,"showMaterialUpdate":false,"showSkybox":true,"showFlares":true,"showImageEffects":true,"showParticleSystems":true},"in2DMode":false,"pivot":{"x":-1.2999999523162842,"y":0.4569999873638153,"z":8.183061599731446},"rotation":{"x":0.005101936403661966,"y":-0.9448680877685547,"z":0.3271390497684479,"w":0.014752056449651719},"size":3.0506865978240969,"orthographic":false}