{"cameraMode":{"drawMode":0,"name":"Shaded","section":"Shading Mode"},"sceneLighting":true,"audioPlay":false,"sceneViewState":{"showFog":true,"showMaterialUpdate":false,"showSkybox":true,"showFlares":true,"showImageEffects":true,"showParticleSystems":true},"in2DMode":false,"pivot":{"x":28.642454147338868,"y":0.5792704820632935,"z":1.4659841060638428},"rotation":{"x":0.15247730910778047,"y":-0.37090590596199038,"z":0.06189700961112976,"w":0.9139994382858276},"size":2.9367594718933107,"orthographic":false}