{"cameraMode":{"drawMode":0,"name":"Shaded","section":"Shading Mode"},"sceneLighting":false,"audioPlay":false,"sceneViewState":{"showFog":true,"showMaterialUpdate":false,"showSkybox":false,"showFlares":true,"showImageEffects":true,"showParticleSystems":true},"in2DMode":false,"pivot":{"x":39.915000915527347,"y":2.0199999809265138,"z":13.140214920043946},"rotation":{"x":0.038071513175964358,"y":0.9077950716018677,"z":-0.40908417105674746,"w":0.08632378280162811},"size":2.5009536743164064,"orthographic":false}