{"cameraMode":{"drawMode":0,"name":"Shaded","section":"Shading Mode"},"sceneLighting":false,"audioPlay":false,"sceneViewState":{"showFog":true,"showMaterialUpdate":false,"showSkybox":false,"showFlares":true,"showImageEffects":true,"showParticleSystems":true},"in2DMode":false,"pivot":{"x":15.6899995803833,"y":0.29600000381469729,"z":9.439638137817383},"rotation":{"x":0.038071513175964358,"y":0.9077950716018677,"z":-0.40908417105674746,"w":0.08632378280162811},"size":0.7541022896766663,"orthographic":false}