{"cameraMode":{"drawMode":0,"name":"Shaded","section":"Shading Mode"},"sceneLighting":false,"audioPlay":false,"sceneViewState":{"showFog":true,"showMaterialUpdate":false,"showSkybox":false,"showFlares":true,"showImageEffects":true,"showParticleSystems":true},"in2DMode":false,"pivot":{"x":53.900001525878909,"y":3.9000000953674318,"z":12.84000015258789},"rotation":{"x":0.038071513175964358,"y":0.9077950716018677,"z":-0.40908417105674746,"w":0.08632378280162811},"size":6.12061071395874,"orthographic":false}