{"cameraMode":{"drawMode":0,"name":"Shaded","section":"Shading Mode"},"sceneLighting":false,"audioPlay":false,"sceneViewState":{"showFog":true,"showMaterialUpdate":false,"showSkybox":false,"showFlares":true,"showImageEffects":true,"showParticleSystems":true},"in2DMode":false,"pivot":{"x":43.689998626708987,"y":2.3320000171661379,"z":12.908493041992188},"rotation":{"x":0.038071513175964358,"y":0.9077950716018677,"z":-0.40908417105674746,"w":0.08632378280162811},"size":3.7360217571258547,"orthographic":false}