{"cameraMode":{"drawMode":0,"name":"Shaded","section":"Shading Mode"},"sceneLighting":true,"audioPlay":false,"sceneViewState":{"showFog":true,"showMaterialUpdate":false,"showSkybox":true,"showFlares":true,"showImageEffects":true,"showParticleSystems":true},"in2DMode":false,"pivot":{"x":1.6792314052581788,"y":-0.1593416929244995,"z":-7.2167229652404789},"rotation":{"x":-0.22864271700382234,"y":0.6192594170570374,"z":-0.19448687136173249,"w":-0.7258150577545166},"size":10.381964683532715,"orthographic":false}