{"cameraMode":{"drawMode":0,"name":"Shaded","section":"Shading Mode"},"sceneLighting":false,"audioPlay":false,"sceneViewState":{"showFog":true,"showMaterialUpdate":false,"showSkybox":false,"showFlares":true,"showImageEffects":true,"showParticleSystems":true},"in2DMode":false,"pivot":{"x":10.120451927185059,"y":0.2070000171661377,"z":9.162179946899414},"rotation":{"x":-0.0030691553838551046,"y":0.9191228151321411,"z":-0.39436042308807375,"w":-0.005248457659035921},"size":0.32612916827201846,"orthographic":false}