{"cameraMode":{"drawMode":0,"name":"Shaded","section":"Shading Mode"},"sceneLighting":false,"audioPlay":false,"sceneViewState":{"showFog":true,"showMaterialUpdate":false,"showSkybox":false,"showFlares":true,"showImageEffects":true,"showParticleSystems":true},"in2DMode":false,"pivot":{"x":48.41999816894531,"y":2.4900002479553224,"z":12.445283889770508},"rotation":{"x":0.038071513175964358,"y":0.9077950716018677,"z":-0.40908417105674746,"w":0.08632378280162811},"size":4.307693004608154,"orthographic":false}