{"cameraMode":{"drawMode":0,"name":"Shaded","section":"Shading Mode"},"sceneLighting":false,"audioPlay":false,"sceneViewState":{"showFog":true,"showMaterialUpdate":false,"showSkybox":false,"showFlares":true,"showImageEffects":true,"showParticleSystems":true},"in2DMode":false,"pivot":{"x":10.609999656677246,"y":1.376999855041504,"z":11.029999732971192},"rotation":{"x":-0.0030691553838551046,"y":0.9191228151321411,"z":-0.39436042308807375,"w":-0.005248457659035921},"size":1.4140156507492066,"orthographic":false}