{"cameraMode":{"drawMode":0,"name":"Shaded","section":"Shading Mode"},"sceneLighting":true,"audioPlay":false,"sceneViewState":{"showFog":true,"showMaterialUpdate":false,"showSkybox":true,"showFlares":true,"showImageEffects":true,"showParticleSystems":true},"in2DMode":false,"pivot":{"x":-30.25330924987793,"y":2.2586047649383547,"z":15.114836692810059},"rotation":{"x":0.033437371253967288,"y":0.9442753195762634,"z":-0.1028195396065712,"w":0.31150373816490176},"size":16.927366256713868,"orthographic":false}