{"cameraMode":{"drawMode":0,"name":"Shaded","section":"Shading Mode"},"sceneLighting":true,"audioPlay":false,"sceneViewState":{"showFog":true,"showMaterialUpdate":false,"showSkybox":true,"showFlares":true,"showImageEffects":true,"showParticleSystems":true},"in2DMode":false,"pivot":{"x":3.4605560302734377,"y":2.067624568939209,"z":25.787487030029298},"rotation":{"x":0.028589533641934396,"y":-0.9192973375320435,"z":0.06797570735216141,"w":0.38662147521972659},"size":6.259160041809082,"orthographic":false}