{"cameraMode":{"drawMode":0,"name":"Shaded","section":"Shading Mode"},"sceneLighting":true,"audioPlay":false,"sceneViewState":{"showFog":true,"showMaterialUpdate":false,"showSkybox":true,"showFlares":true,"showImageEffects":true,"showParticleSystems":true},"in2DMode":false,"pivot":{"x":-22.8575496673584,"y":7.660118103027344,"z":3.8093862533569338},"rotation":{"x":-0.23983073234558106,"y":-0.46643686294555666,"z":0.13302020728588105,"w":-0.8409667611122131},"size":10.0,"orthographic":false}