{"cameraMode":{"drawMode":0,"name":"Shaded","section":"Shading Mode"},"sceneLighting":true,"audioPlay":false,"sceneViewState":{"showFog":true,"showMaterialUpdate":false,"showSkybox":true,"showFlares":true,"showImageEffects":true,"showParticleSystems":true},"in2DMode":false,"pivot":{"x":17.152143478393556,"y":9.478911399841309,"z":-19.129117965698243},"rotation":{"x":-0.23243989050388337,"y":0.4820603132247925,"z":-0.134354829788208,"w":-0.8339939117431641},"size":0.8660253882408142,"orthographic":false}