{"cameraMode":{"drawMode":0,"name":"Shaded","section":"Shading Mode"},"sceneLighting":true,"audioPlay":false,"sceneViewState":{"showFog":true,"showMaterialUpdate":false,"showSkybox":true,"showFlares":true,"showImageEffects":true,"showParticleSystems":true},"in2DMode":false,"pivot":{"x":-35.485267639160159,"y":18.265518188476564,"z":-47.8372802734375},"rotation":{"x":-0.002938903635367751,"y":0.4564407467842102,"z":-0.0015220284694805742,"w":-0.8898082375526428},"size":15.9301176071167,"orthographic":false}