{"cameraMode":{"drawMode":0,"name":"Shaded","section":"Shading Mode"},"sceneLighting":true,"audioPlay":false,"sceneViewState":{"showFog":true,"showMaterialUpdate":false,"showSkybox":true,"showFlares":true,"showImageEffects":true,"showParticleSystems":true},"in2DMode":false,"pivot":{"x":0.8024871945381165,"y":5.809999942779541,"z":-21.49673843383789},"rotation":{"x":-0.06708332896232605,"y":-0.5830250978469849,"z":0.048393238335847858,"w":-0.8082550764083862},"size":10.0,"orthographic":false}