{"cameraMode":{"drawMode":0,"name":"Shaded","section":"Shading Mode"},"sceneLighting":false,"audioPlay":false,"sceneViewState":{"showFog":true,"showMaterialUpdate":false,"showSkybox":false,"showFlares":true,"showImageEffects":true,"showParticleSystems":true},"in2DMode":false,"pivot":{"x":-0.004715323448181152,"y":1.9900000095367432,"z":-32.619998931884769},"rotation":{"x":0.12401037663221359,"y":-0.5541001558303833,"z":0.08394300192594528,"w":0.8189080953598023},"size":1.7945952415466309,"orthographic":false}