{"cameraMode":{"drawMode":0,"name":"Shaded","section":"Shading Mode"},"sceneLighting":false,"audioPlay":false,"sceneViewState":{"showFog":true,"showMaterialUpdate":false,"showSkybox":false,"showFlares":true,"showImageEffects":true,"showParticleSystems":true},"in2DMode":false,"pivot":{"x":-15.329998016357422,"y":0.8699991703033447,"z":-3.720000743865967},"rotation":{"x":0.04369758069515228,"y":0.9563398957252502,"z":-0.21014615893363954,"w":0.19868957996368409},"size":2.9367620944976808,"orthographic":false}