{"cameraMode":{"drawMode":0,"name":"Shaded","section":"Shading Mode"},"sceneLighting":false,"audioPlay":false,"sceneViewState":{"showFog":true,"showMaterialUpdate":false,"showSkybox":false,"showFlares":true,"showImageEffects":true,"showParticleSystems":true},"in2DMode":false,"pivot":{"x":7.3539533615112309,"y":4.408866882324219,"z":-32.48232650756836},"rotation":{"x":0.031181279569864274,"y":0.015588945709168911,"z":0.00048638388398103416,"w":-0.9993912577629089},"size":10.0,"orthographic":false}