{"cameraMode":{"drawMode":0,"name":"Shaded","section":"Shading Mode"},"sceneLighting":false,"audioPlay":false,"sceneViewState":{"showFog":true,"showMaterialUpdate":false,"showSkybox":false,"showFlares":true,"showImageEffects":true,"showParticleSystems":true},"in2DMode":false,"pivot":{"x":-32.58660125732422,"y":2.1000003814697267,"z":62.70002746582031},"rotation":{"x":-0.23243989050388337,"y":0.4820603132247925,"z":-0.134354829788208,"w":-0.8339939117431641},"size":2.0095162391662599,"orthographic":false}