{"cameraMode":{"drawMode":0,"name":"Shaded","section":"Shading Mode"},"sceneLighting":false,"audioPlay":false,"sceneViewState":{"showFog":true,"showMaterialUpdate":false,"showSkybox":false,"showFlares":true,"showImageEffects":true,"showParticleSystems":true},"in2DMode":false,"pivot":{"x":-1.0323758125305176,"y":0.6205796003341675,"z":-1.7917569875717164},"rotation":{"x":0.17027847468852998,"y":0.04790198802947998,"z":-0.008256016299128533,"w":0.9842272996902466},"size":0.8342897295951843,"orthographic":false}