{"cameraMode":{"drawMode":0,"name":"Shaded","section":"Shading Mode"},"sceneLighting":false,"audioPlay":false,"sceneViewState":{"showFog":true,"showMaterialUpdate":false,"showSkybox":false,"showFlares":true,"showImageEffects":true,"showParticleSystems":true},"in2DMode":false,"pivot":{"x":-29.997798919677736,"y":1.9296326637268067,"z":66.17489624023438},"rotation":{"x":-0.2689498960971832,"y":-0.08165232092142105,"z":0.02289135381579399,"w":-0.9594216346740723},"size":3.8320505619049074,"orthographic":false}