{"cameraMode":{"drawMode":0,"name":"Shaded","section":"Shading Mode"},"sceneLighting":true,"audioPlay":false,"sceneViewState":{"showFog":true,"showMaterialUpdate":false,"showSkybox":true,"showFlares":true,"showImageEffects":true,"showParticleSystems":true},"in2DMode":false,"pivot":{"x":8.38824462890625,"y":7.832433700561523,"z":-43.29401779174805},"rotation":{"x":-0.20778463780879975,"y":-0.09524626284837723,"z":0.020298095420002939,"w":-0.9733695983886719},"size":15.9301176071167,"orthographic":false}