{"cameraMode":{"drawMode":0,"name":"Shaded","section":"Shading Mode"},"sceneLighting":false,"audioPlay":false,"sceneViewState":{"showFog":true,"showMaterialUpdate":false,"showSkybox":false,"showFlares":true,"showImageEffects":true,"showParticleSystems":true},"in2DMode":false,"pivot":{"x":-2.822401523590088,"y":9.518742561340332,"z":-56.164127349853519},"rotation":{"x":-0.08395670354366303,"y":-0.8553979396820068,"z":0.14666755497455598,"w":-0.489646852016449},"size":0.08499279618263245,"orthographic":false}