{"cameraMode":{"drawMode":0,"name":"Shaded","section":"Shading Mode"},"sceneLighting":false,"audioPlay":false,"sceneViewState":{"showFog":true,"showMaterialUpdate":false,"showSkybox":false,"showFlares":true,"showImageEffects":true,"showParticleSystems":true},"in2DMode":false,"pivot":{"x":115.7402114868164,"y":2.5,"z":-229.6999969482422},"rotation":{"x":-0.06625445932149887,"y":-0.014370903372764588,"z":0.0009537789737805724,"w":-0.9977024793624878},"size":1.6563221216201783,"orthographic":false}