{"cameraMode":{"drawMode":0,"name":"Shaded","section":"Shading Mode"},"sceneLighting":true,"audioPlay":false,"sceneViewState":{"showFog":true,"showMaterialUpdate":false,"showSkybox":true,"showFlares":true,"showImageEffects":true,"showParticleSystems":true},"in2DMode":false,"pivot":{"x":34.269535064697269,"y":23.918075561523439,"z":-23.828142166137697},"rotation":{"x":-0.13103143870830537,"y":-0.11512492597103119,"z":0.015321769751608372,"w":-0.9845533967018127},"size":10.0,"orthographic":false}