{"cameraMode":{"drawMode":0,"name":"Shaded","section":"Shading Mode"},"sceneLighting":false,"audioPlay":false,"sceneViewState":{"showFog":true,"showMaterialUpdate":false,"showSkybox":false,"showFlares":true,"showImageEffects":true,"showParticleSystems":true},"in2DMode":false,"pivot":{"x":115.73999786376953,"y":3.121000051498413,"z":-233.8319854736328},"rotation":{"x":-0.30154696106910708,"y":-0.001143108238466084,"z":0.00037049324600957334,"w":-0.953464686870575},"size":10.0,"orthographic":false}