{"cameraMode":{"drawMode":0,"name":"Shaded","section":"Shading Mode"},"sceneLighting":true,"audioPlay":false,"sceneViewState":{"showFog":true,"showMaterialUpdate":false,"showSkybox":true,"showFlares":true,"showImageEffects":true,"showParticleSystems":true},"in2DMode":false,"pivot":{"x":3.4406566619873049,"y":-0.8478153347969055,"z":10.423399925231934},"rotation":{"x":-0.07822535187005997,"y":0.012559778988361359,"z":-0.0009795849910005928,"w":-0.9968674778938294},"size":10.0,"orthographic":false}