{"cameraMode":{"drawMode":0,"name":"Shaded","section":"Shading Mode"},"sceneLighting":false,"audioPlay":false,"sceneViewState":{"showFog":true,"showMaterialUpdate":false,"showSkybox":false,"showFlares":true,"showImageEffects":true,"showParticleSystems":true},"in2DMode":false,"pivot":{"x":115.41999816894531,"y":1.4077613353729249,"z":-229.08999633789063},"rotation":{"x":-0.30154696106910708,"y":-0.001143108238466084,"z":0.00037049324600957334,"w":-0.953464686870575},"size":1.6499974727630616,"orthographic":false}