{"cameraMode":{"drawMode":0,"name":"Shaded","section":"Shading Mode"},"sceneLighting":true,"audioPlay":false,"sceneViewState":{"showFog":true,"showMaterialUpdate":false,"showSkybox":true,"showFlares":true,"showImageEffects":true,"showParticleSystems":true},"in2DMode":false,"pivot":{"x":-46.34131622314453,"y":7.019221305847168,"z":51.50861740112305},"rotation":{"x":0.04467998072504997,"y":-0.7028845548629761,"z":0.044826626777648929,"w":0.7089996337890625},"size":7.736598968505859,"orthographic":false}