{"cameraMode":{"drawMode":0,"name":"Shaded","section":"Shading Mode"},"sceneLighting":false,"audioPlay":false,"sceneViewState":{"showFog":true,"showMaterialUpdate":false,"showSkybox":false,"showFlares":true,"showImageEffects":true,"showParticleSystems":true},"in2DMode":false,"pivot":{"x":12.798630714416504,"y":0.8013423681259155,"z":0.702530026435852},"rotation":{"x":-0.06027241423726082,"y":0.017082281410694124,"z":-0.001075936947017908,"w":-0.9981346130371094},"size":1.0844340324401856,"orthographic":false}