{"cameraMode":{"drawMode":0,"name":"Shaded","section":"Shading Mode"},"sceneLighting":false,"audioPlay":false,"sceneViewState":{"showFog":true,"showMaterialUpdate":false,"showSkybox":false,"showFlares":true,"showImageEffects":true,"showParticleSystems":true},"in2DMode":false,"pivot":{"x":113.34103393554688,"y":1.7586920261383057,"z":-76.41028594970703},"rotation":{"x":-0.05419659987092018,"y":-0.05629018694162369,"z":0.003059087786823511,"w":-0.9969419836997986},"size":1.7114320993423463,"orthographic":false}