{"cameraMode":{"drawMode":0,"name":"Shaded","section":"Shading Mode"},"sceneLighting":true,"audioPlay":false,"sceneViewState":{"showFog":true,"showMaterialUpdate":false,"showSkybox":true,"showFlares":true,"showImageEffects":true,"showParticleSystems":true},"in2DMode":false,"pivot":{"x":-16.85860824584961,"y":-3.5015430450439455,"z":53.09815979003906},"rotation":{"x":0.16459223628044129,"y":0.4227083921432495,"z":-0.07839494198560715,"w":0.8878707885742188},"size":31.060935974121095,"orthographic":false}