{"cameraMode":{"drawMode":0,"name":"Shaded","section":"Shading Mode"},"sceneLighting":false,"audioPlay":false,"sceneViewState":{"showFog":true,"showMaterialUpdate":false,"showSkybox":false,"showFlares":true,"showImageEffects":true,"showParticleSystems":true},"in2DMode":false,"pivot":{"x":118.30999755859375,"y":2.5399999618530275,"z":-234.72000122070313},"rotation":{"x":-0.31975021958351138,"y":0.5821369886398315,"z":-0.26657432317733767,"w":-0.698609471321106},"size":10.0,"orthographic":false}