{"cameraMode":{"drawMode":0,"name":"Shaded","section":"Shading Mode"},"sceneLighting":false,"audioPlay":false,"sceneViewState":{"showFog":true,"showMaterialUpdate":false,"showSkybox":false,"showFlares":true,"showImageEffects":true,"showParticleSystems":true},"in2DMode":false,"pivot":{"x":-3.535752534866333,"y":0.1073758602142334,"z":0.03240001201629639},"rotation":{"x":0.20645789802074433,"y":-0.3390769958496094,"z":0.07751248776912689,"w":0.9147573113441467},"size":4.1201019287109379,"orthographic":false}