{"cameraMode":{"drawMode":0,"name":"Shaded","section":"Shading Mode"},"sceneLighting":false,"audioPlay":false,"sceneViewState":{"showFog":true,"showMaterialUpdate":false,"showSkybox":false,"showFlares":true,"showImageEffects":true,"showParticleSystems":true},"in2DMode":false,"pivot":{"x":115.8702392578125,"y":2.1016416549682619,"z":-177.51243591308595},"rotation":{"x":0.3116437494754791,"y":-0.21819764375686646,"z":0.07581421732902527,"w":0.9219759702682495},"size":1.900903582572937,"orthographic":false}