{"cameraMode":{"drawMode":0,"name":"Shaded","section":"Shading Mode"},"sceneLighting":false,"audioPlay":false,"sceneViewState":{"showFog":true,"showMaterialUpdate":false,"showSkybox":false,"showFlares":true,"showImageEffects":true,"showParticleSystems":true},"in2DMode":false,"pivot":{"x":-15.569999694824219,"y":1.3519999980926514,"z":-46.38999938964844},"rotation":{"x":-0.16601869463920594,"y":0.18462301790714265,"z":-0.03161352127790451,"w":-0.9682122468948364},"size":2.585601568222046,"orthographic":false}