{"cameraMode":{"drawMode":0,"name":"Shaded","section":"Shading Mode"},"sceneLighting":false,"audioPlay":false,"sceneViewState":{"showFog":true,"showMaterialUpdate":false,"showSkybox":false,"showFlares":true,"showImageEffects":true,"showParticleSystems":true},"in2DMode":false,"pivot":{"x":-17.221235275268556,"y":0.37418198585510256,"z":-2.222961187362671},"rotation":{"x":-0.04862649366259575,"y":0.8748083114624023,"z":-0.08981338143348694,"w":-0.4736016094684601},"size":2.9367620944976808,"orthographic":false}