{"cameraMode":{"drawMode":0,"name":"Shaded","section":"Shading Mode"},"sceneLighting":true,"audioPlay":false,"sceneViewState":{"showFog":true,"showMaterialUpdate":false,"showSkybox":true,"showFlares":true,"showImageEffects":true,"showParticleSystems":true},"in2DMode":false,"pivot":{"x":3.979013204574585,"y":2.3518152236938478,"z":8.605140686035157},"rotation":{"x":-0.052792832255363467,"y":0.003611972089856863,"z":-0.00015940181037876755,"w":-0.9987009167671204},"size":10.0,"orthographic":false}