{"cameraMode":{"drawMode":0,"name":"Shaded","section":"Shading Mode"},"sceneLighting":true,"audioPlay":false,"sceneViewState":{"showFog":true,"showMaterialUpdate":false,"showSkybox":true,"showFlares":true,"showImageEffects":true,"showParticleSystems":true},"in2DMode":false,"pivot":{"x":-54.00002670288086,"y":-7.970083713531494,"z":-25.661603927612306},"rotation":{"x":-0.006503449287265539,"y":0.9408151507377625,"z":-0.33843210339546206,"w":-0.018062906339764596},"size":13.994644165039063,"orthographic":false}