{"cameraMode":{"drawMode":0,"name":"Shaded","section":"Shading Mode"},"sceneLighting":true,"audioPlay":false,"sceneViewState":{"showFog":true,"showMaterialUpdate":false,"showSkybox":true,"showFlares":true,"showImageEffects":true,"showParticleSystems":true},"in2DMode":false,"pivot":{"x":3.2380714416503908,"y":13.122671127319336,"z":-33.77117919921875},"rotation":{"x":-0.14638538658618928,"y":-0.15805137157440186,"z":0.023631392046809198,"w":-0.9763792753219605},"size":1.563500165939331,"orthographic":false}