{"cameraMode":{"drawMode":0,"name":"Shaded","section":"Shading Mode"},"sceneLighting":true,"audioPlay":false,"sceneViewState":{"showFog":true,"showMaterialUpdate":false,"showSkybox":true,"showFlares":true,"showImageEffects":true,"showParticleSystems":true},"in2DMode":false,"pivot":{"x":-21.926191329956056,"y":19.491609573364259,"z":4.9427690505981449},"rotation":{"x":0.4230760335922241,"y":-0.006538875866681337,"z":0.0031665635760873558,"w":0.9061650633811951},"size":1.3446838855743409,"orthographic":false}