{"cameraMode":{"drawMode":0,"name":"Shaded","section":"Shading Mode"},"sceneLighting":true,"audioPlay":false,"sceneViewState":{"showFog":true,"showMaterialUpdate":false,"showSkybox":true,"showFlares":true,"showImageEffects":true,"showParticleSystems":true},"in2DMode":false,"pivot":{"x":-7.805110931396484,"y":1.4075937271118165,"z":9.330452919006348},"rotation":{"x":0.18935035169124604,"y":0.055934131145477298,"z":-0.010795028880238533,"w":0.980276882648468},"size":13.994644165039063,"orthographic":false}