{"cameraMode":{"drawMode":0,"name":"Shaded","section":"Shading Mode"},"sceneLighting":true,"audioPlay":false,"sceneViewState":{"showFog":true,"showMaterialUpdate":false,"showSkybox":true,"showFlares":true,"showImageEffects":true,"showParticleSystems":true},"in2DMode":false,"pivot":{"x":7.6271257400512699,"y":11.458297729492188,"z":-28.58784294128418},"rotation":{"x":-0.057798732072114947,"y":-0.8570327758789063,"z":0.09834013879299164,"w":-0.5025885105133057},"size":20.427045822143556,"orthographic":false}