{"cameraMode":{"drawMode":0,"name":"Shaded","section":"Shading Mode"},"sceneLighting":true,"audioPlay":false,"sceneViewState":{"showFog":true,"showMaterialUpdate":false,"showSkybox":false,"showFlares":true,"showImageEffects":true,"showParticleSystems":true},"in2DMode":false,"pivot":{"x":334.00006103515627,"y":161.75,"z":10.66018295288086},"rotation":{"x":0.28267785906791689,"y":-0.3196142613887787,"z":0.10094835609197617,"w":0.8989338874816895},"size":896.1216430664063,"orthographic":false}