{"cameraMode":{"drawMode":0,"name":"Shaded","section":"Shading Mode"},"sceneLighting":true,"audioPlay":false,"sceneViewState":{"showFog":true,"showMaterialUpdate":false,"showSkybox":true,"showFlares":true,"showImageEffects":true,"showParticleSystems":true},"in2DMode":false,"pivot":{"x":76.34305572509766,"y":1.4446866512298585,"z":0.948176383972168},"rotation":{"x":-0.045534271746873859,"y":-0.7109425067901611,"z":0.04606065899133682,"w":-0.7003396153450012},"size":58.22866439819336,"orthographic":false}