{"cameraMode":{"drawMode":0,"name":"Shaded","section":"Shading Mode"},"sceneLighting":true,"audioPlay":false,"sceneViewState":{"showFog":true,"showMaterialUpdate":false,"showSkybox":true,"showFlares":true,"showImageEffects":true,"showParticleSystems":true},"in2DMode":false,"pivot":{"x":45.525089263916019,"y":7.818338871002197,"z":-6.442842483520508},"rotation":{"x":-0.18802164494991303,"y":0.21380317211151124,"z":-0.041827160865068439,"w":-0.9578033089637756},"size":0.32705673575401308,"orthographic":false}