{"cameraMode":{"drawMode":0,"name":"Shaded","section":"Shading Mode"},"sceneLighting":true,"audioPlay":false,"sceneViewState":{"showFog":true,"showMaterialUpdate":false,"showSkybox":true,"showFlares":true,"showImageEffects":true,"showParticleSystems":true},"in2DMode":false,"pivot":{"x":-5.336177825927734,"y":2.5365943908691408,"z":-5.963048934936523},"rotation":{"x":-0.09875672310590744,"y":0.09004280716180802,"z":-0.008876911364495755,"w":-0.9910695552825928},"size":0.718026340007782,"orthographic":false}