{"cameraMode":{"drawMode":0,"name":"Shaded","section":"Shading Mode"},"sceneLighting":false,"audioPlay":false,"sceneViewState":{"showFog":true,"showMaterialUpdate":false,"showSkybox":false,"showFlares":true,"showImageEffects":true,"showParticleSystems":true},"in2DMode":false,"pivot":{"x":16.114368438720704,"y":0.0691288486123085,"z":-0.29792675375938418},"rotation":{"x":-0.19056399166584016,"y":0.719294548034668,"z":-0.21681192517280579,"w":-0.6319741010665894},"size":0.0772927775979042,"orthographic":false}