{"cameraMode":{"drawMode":0,"name":"Shaded","section":"Shading Mode"},"sceneLighting":true,"audioPlay":false,"sceneViewState":{"showFog":true,"showMaterialUpdate":false,"showSkybox":true,"showFlares":true,"showImageEffects":true,"showParticleSystems":true},"in2DMode":false,"pivot":{"x":17.760499954223634,"y":10.144895553588868,"z":14.914051055908204},"rotation":{"x":-0.21231631934642793,"y":-0.4764472544193268,"z":0.11994509398937226,"w":-0.8448502421379089},"size":2.375645399093628,"orthographic":false}