{"cameraMode":{"drawMode":0,"name":"Shaded","section":"Shading Mode"},"sceneLighting":false,"audioPlay":false,"sceneViewState":{"showFog":true,"showMaterialUpdate":false,"showSkybox":false,"showFlares":true,"showImageEffects":true,"showParticleSystems":true},"in2DMode":false,"pivot":{"x":-11.262191772460938,"y":0.19850733876228333,"z":0.0006069978699088097},"rotation":{"x":-0.15641435980796815,"y":0.44102680683135989,"z":-0.0782868042588234,"w":-0.8803398609161377},"size":0.144683837890625,"orthographic":false}